{
  "anexo": "I",
  "titulo": "Características e instalación de los equipos y sistemas de protección contra incendios",
  "indice": [
    {
      "apartado": "1",
      "titulo": "Protección activa contra incendios",
      "subapartados": [
        {
          "apartado": "1.1",
          "titulo": "Sistemas de detección y de alarma de incendios"
        },
        {
          "apartado": "1.2",
          "titulo": "Sistemas de abastecimiento de agua contra incendios"
        },
        {
          "apartado": "1.3",
          "titulo": "Sistemas de hidrantes exteriores"
        },
        {
          "apartado": "1.4",
          "titulo": "Sistemas de bocas de incendio equipadas (BIE)"
        },
        {
          "apartado": "1.5",
          "titulo": "Sistemas de columna seca"
        },
        {
          "apartado": "1.6",
          "titulo": "Sistemas de extintores de incendios"
        },
        {
          "apartado": "1.7",
          "titulo": "Sistemas de rociadores automáticos y agua pulverizada"
        },
        {
          "apartado": "1.8",
          "titulo": "Sistemas de agua nebulizada"
        },
        {
          "apartado": "1.9",
          "titulo": "Sistemas fijos de extinción por polvo"
        },
        {
          "apartado": "1.10",
          "titulo": "Sistemas fijos de extinción por agentes gaseosos"
        },
        {
          "apartado": "1.11",
          "titulo": "Sistemas fijos de extinción por aerosoles condensados"
        },
        {
          "apartado": "1.12",
          "titulo": "Sistemas fijos de extinción por espuma física"
        },
        {
          "apartado": "1.13",
          "titulo": "Sistemas fijos de extinción por agentes extintores combinados"
        },
        {
          "apartado": "1.14",
          "titulo": "Sistemas para el control de humos y de calor"
        }
      ]
    },
    {
      "apartado": "2",
      "titulo": "Protección pasiva contra incendios"
    },
    {
      "apartado": "3",
      "titulo": "Condiciones de instalación, uso y mantenimiento de los equipos y sistemas"
    },
    {
      "apartado": "4",
      "titulo": "Marcado y documentación"
    }
  ]
}